{
    "NN-only": {
        "truncated NAT": {
            "20": {
                "-1": -161.0079026,
                "0": -170.133819,
                "1": -160.9661216,
                "2": -160.9698013,
                "3": -160.9756153,
                "4": -160.9751626,
                "5": -160.974986,
                "6": -161.0256025
            }
        }
    }
}