{
  "exact": {
    "g": [
      -1.0,
      -0.9,
      -0.8,
      -0.7,
      -0.6,
      -0.5,
      -0.4,
      -0.3,
      -0.2,
      -0.1,
      0.0,
      0.1,
      0.2,
      0.3,
      0.4,
      0.5,
      0.6,
      0.7,
      0.8,
      0.9,
      1.0
    ],
    "E": [
      2.7798701394379,
      2.7169273524512594,
      2.6514008751764573,
      2.5830620858692424,
      2.511653185446703,
      2.436884258932116,
      2.35843068908304,
      2.275931305195603,
      2.1889877888593223,
      2.0971660003072654,
      2.0,
      1.8969995651589682,
      1.7876618670148923,
      1.6714876072044316,
      1.548001270988542,
      1.416774284351102,
      1.2774489288963702,
      1.1297601562036852,
      0.9735522650332662,
      0.8087879535733733,
      0.6355484735755974
    ]
  },
  "imsrg2": {
    "g": [
      -1.0,
      -0.9,
      -0.8,
      -0.7,
      -0.6,
      -0.5,
      -0.4,
      -0.3,
      -0.2,
      -0.1,
      0.0,
      0.1,
      0.2,
      0.3,
      0.4,
      0.5,
      0.6,
      0.7,
      0.8,
      0.9,
      1.0
    ],
    "E": [
      2.76441,
      2.7061,
      2.64416,
      2.5785,
      2.509,
      2.4355,
      2.35782,
      2.27572,
      2.18894,
      2.09716,
      2.0,
      1.897,
      1.7876,
      1.67112,
      1.54673,
      1.41334,
      1.26954,
      1.11346,
      0.942413,
      0.752424,
      0.537006
    ]
  },
  "imsrg3": {
    "g": [
      -1.0,
      -0.9,
      -0.8,
      -0.7,
      -0.6,
      -0.5,
      -0.4,
      -0.3,
      -0.2,
      -0.1,
      0.0,
      0.1,
      0.2,
      0.3,
      0.4,
      0.5,
      0.6,
      0.7,
      0.8,
      0.9,
      1.0
    ],
    "E": [
      2.7731,
      2.71209,
      2.64811,
      2.58095,
      2.51041,
      2.43623,
      2.35814,
      2.27583,
      2.18897,
      2.09717,
      2.0,
      1.897,
      1.78763,
      1.67131,
      1.54741,
      1.41521,
      1.27399,
      1.12295,
      0.961312,
      0.788315,
      0.603267
    ]
  }
}
