{
  "potential": "EM 500 N3LO",
  "E_bare":{
    "16": -20.080066026569433,
    "20": -22.9973752664132,
    "24": -23.801666129128975,
    "28": -22.592717488485917,
    "32": -19.55255232998826
  },
  "E_full":{
    "16": -25.61936000912051,
    "20": -26.822633162146392,
    "24": -27.20561553361019,
    "28": -27.217885094276696,
    "32": -26.9714890863806
  }
}